<?xml version="1.0"?>
<faces-config xmlns="http://java.sun.com/xml/ns/javaee" 
   xmlns:xsi="http://www.w3.org/2001/XMLSchema-instance"
   xsi:schemaLocation="http://java.sun.com/xml/ns/javaee 
      http://java.sun.com/xml/ns/javaee/web-facesconfig_2_0.xsd"
   version="2.0">
   <application>
      <resource-bundle>
         <base-name>com.corejsf.messages</base-name>
         <var>msgs</var>
      </resource-bundle>
   </application>

   <managed-bean>
      <managed-bean-name>numberList</managed-bean-name>
      <managed-bean-class>java.util.ArrayList</managed-bean-class>
      <managed-bean-scope>session</managed-bean-scope>
      <list-entries>
         <value>1</value>
         <value>2</value>
         <value>3</value>
         <value>4</value>
         <value>5</value>
      </list-entries>
   </managed-bean>
</faces-config>